text,sentiment,rating,timestamp
Chịu mấy ông tư bản rồi đấy! Đến cả việc chọn bài hát để phát mà còn để vào Premium thì dùng app nghe nhạc làm gì đây???,negative,1,2025-11-26 18:06:10
cu nghe xong 1 2 bài là có 5 cái qc 😭😭😭,negative,1,2025-12-23 15:22:38
quá hút máu,negative,1,2026-01-11 21:55:37
tuyệt vời,positive,5,2025-12-11 19:23:06
"bấm bài này nó nhảy qua bài khác rất nhiều lần,mỗi lần chuyển bài lại quảng cáo 80s liên tiếp k skip, thật sự app rất rất tệ, và tôi rất hối hận vì đã tải app",negative,1,2026-03-05 05:46:27
"ủa t thấy ấy tiền vào là bthg mà? thứ nhất là nhạ nó đỉnh hơn thứ hai là nó cũng sẽ thêm thu nhập cho mấy nghệ sĩ mà nghe từ youtube sẽ thấy khác liền , cm sẽ không phủ nhận được spotify vẫn đỉnh hơn , và với một đứa yêu âm nhạc như t thì thấy ok phết ,nạp có tí mà với chất lượng âm nhạc như vậy là quá ok rồi , nói chung là 5★🫡",positive,5,2026-04-03 22:24:14
Thic từ khi có nó,positive,5,2026-04-24 18:22:40
qu nhiều quản cáo,negative,1,2025-12-27 19:43:21
ok:),positive,5,2025-12-03 22:48:55
ok,positive,5,2025-11-09 07:24:52
i love it><🎀,positive,5,2025-11-18 19:59:55
hay,positive,5,2025-12-06 12:26:46
"quá nhiều quảng cáo, họ quên xoá cái thông báo ""bạn sẽ được nghe nhạc suốt 30 phút tiếp theo""",negative,1,2025-12-19 15:54:47
all my life,positive,5,2025-11-16 21:40:52
ap này hay quá tui thích nhất 😍😍😍😍😍😍,positive,5,2025-10-12 19:03:51
Quảng cáo quá nhiều và dài,negative,1,2025-12-24 00:51:12
muốn đăng nhạc mình lên mà ko đc,negative,1,2026-02-15 14:23:59
dear i cant enter Spotify lately from last night till today too....,positive,4,2025-11-24 17:35:31
tốt,positive,5,2025-10-18 16:35:39
"Honestly, there's nothing to complain about, and I don't care if anyone does. Ads are a given on most apps, so you shouldn't blame Spotify, and as for the premium feature, they created it simply to generate income, if you can afford it, support them and you might even receive special offers when you make a purchase. So what? So I love Spotify♥️",positive,5,2025-12-13 23:49:25
"i luv Spotify, hơi nhiều quảng cáo tí nhưng nhạc nào cx có là ok rồi <3",positive,5,2026-03-16 16:59:54
tự nhiên đăng xuất tk bh ko vô lại đc đúng tk đó😡😡😡,negative,1,2026-04-16 00:40:14
"nghe 1 bài ra 3-4 cái quảng cáo. chúng mày đùa tao à? chỉ 2 cái quảng cáo đã mệt rồi bây giờ còn 3-4 cái. bộ thiếu tiền lắm hay gì?? nản thật chứ, càng ngày càng tệ",negative,1,2026-01-08 22:15:07
good job,positive,4,2025-12-16 20:08:45
rat ok va toi thich ung dung nay,positive,5,2026-02-11 14:08:18
hayy,positive,5,2026-04-26 21:24:11
đ có cái lặp lại đ có cái tua lại nữa🥀😔,negative,3,2025-10-31 13:29:22
hay ko có quảng cáo,positive,5,2025-10-18 07:42:43
ý là k có mượn đề xuất nhạc á app bấm thì k đc mệt vl,negative,2,2025-11-03 19:40:05
"hay! rất tiện lợi, có thể nghe nhạc ở bất cứ đâu.",positive,5,2026-01-23 08:18:19
"không vào được app,app bị lỗi",negative,1,2026-04-27 23:54:38
áp rất tiện khi rảnh để nghe nhạc sẽ nên tải nha 👌,positive,5,2025-12-05 19:48:34
ứng dụng tốt,positive,5,2025-12-23 09:06:57
quảng cáo quá nhiều 😔,negative,3,2026-02-06 17:19:56
app như cac phát cho toàn nhạc như đấm vào tai đang chơi gem mà nghe mấy bài nhạc như db nghe xong thấy bồn ị vl,negative,1,2025-12-03 20:44:10
TBTN phiền nên 1s nha,negative,1,2026-02-16 14:19:58
ô kê con zê,positive,5,2025-12-12 23:35:24
"nhiều quảng cáo vch nghe 1 qc 1, có lúc nghe 1 mà qc 3",negative,1,2026-02-12 16:00:01
"trc 2 qcao còn châm chước cho qua, giờ 3-4 qcao k bt nói gì^^",negative,2,2025-12-09 22:21:08
nhiều nhạc và quảng cáo,negative,3,2025-10-14 22:18:06
ứng dụng rất hữu ích đối với những người đam mê âm nhạc như tôi,positive,5,2025-10-30 18:57:53
"vãi l, 1 lần 4 cái qc liên tục, rồi 2 đến 3 cái qcao liên tục. thề,t bảo thật,lúc trc hay và tiện bao nhiêu,nay phiền bấy nhiêu.",negative,1,2025-12-09 20:25:27
App thiếu tiền hả mà qc cc gì nhiều vậy nên bớt qc lại nta còn dùng nhiều chứ ko lại mắc nợ,negative,1,2026-03-15 22:01:44
dùng rất tốt,positive,5,2026-04-06 20:49:24
"Đã xóa gói ngày, tuần thì thôi đi. Giờ cứ nghe 2 3 bài là dính 2 cái qc, hồi đó qua 1 cái qc là được nghe 30p. riết làm ăn quá chán, cố tình ép người dùng mua gói",negative,1,2026-01-07 08:45:32
hay nhưng tư bản vs ng nghe free quá😵‍💫(t tải Spotify modded 😛),negative,3,2025-12-10 01:34:26
rất hayyy,positive,5,2025-12-08 09:21:08
sao ko đăng nhập dc bằng fb vậy,negative,2,2025-10-27 18:16:35
6saooooo nhen,positive,5,2025-11-22 05:44:56
Tao nghe nhạc album này nó mở nhạc khác???,negative,1,2026-03-22 14:45:46
hơi nhiều qc,positive,5,2026-03-24 21:24:59
"ko có nút tua lại, mà có thì cx ko ấn đc. đã vậy còn nhiều quảng cáo ko cho kp.xem ytb còn sướng hơn",negative,1,2026-03-08 12:31:56
ko có lời bài hát 4 sao thôi khắt phục đi aqq,positive,4,2025-11-26 12:17:39
ok rất tốt,positive,5,2025-11-06 14:20:03
Bài nào cũng có dù ở nước nào cũng có nhạc rất dễ nghe hay nữa,positive,5,2025-10-24 21:51:36
có thể là quá đỉnh,positive,5,2026-03-10 19:44:16
good job!,positive,5,2026-01-05 22:09:44
quảng cáo quá nhiều,negative,1,2026-03-24 22:00:26
giờ chuyển nhạc cũng bắt đky premium quảng cái thì mới mấy bài lại quảng cáo:))),negative,1,2026-01-20 22:45:21
"tiện hay, nhưng lâu lâu bị mất nhạc",positive,4,2025-12-09 20:45:23
phát theo danh thứ tự phải mua premium,negative,1,2025-11-12 23:31:13
app cc gi nghe nhạc toàn qc,negative,1,2026-03-03 23:21:09
chán app,negative,1,2026-03-24 22:54:50
Quảng cáo liên tiếp kh nạp kh nghe được,negative,1,2026-02-21 16:00:09
tôi rất hài lòng,positive,5,2025-12-11 16:37:04
"không tạo tài khoản mới được, quá thất vọng",negative,1,2025-12-15 21:40:40
qcao lắm 🙂,negative,1,2026-03-29 16:17:43
skibidi toilet =)) đùa thôi app rất hay,positive,5,2026-04-20 20:43:49
"Absolutely terrible. You get charge for apparently choosing the song you want to frickin hear. Wow Spotify, great service there.",negative,1,2025-11-20 20:42:47
"hay quá, bắt nghe 3 cái quảng cáo luôn :))",positive,5,2025-10-09 16:23:20
nhạc hay nhất thế giới,positive,5,2025-12-15 19:17:06
"cứ next bài là nhạc rock, bực vc",negative,1,2025-12-09 01:44:24
yeu sptf,positive,5,2025-12-06 07:48:44
"Qc thì nhiều, chọn nhạc thì không cho, chuyển nhạc còn giới hạn. Tui có thể chịu 2-3 qc chỉ để xem cái nhạc tui thích, nhưng thậm chí còn không cho tui chuyển nhạc tui thích. Đôi lúc gặp tận 4qc đành nghe hết mà cái nào cũng trên 10s, rất mất thời gian, kho nhạc cũng nhiều đó nhưng tư bản ntn thì chịu. Trước còn cho phát 10 bài 1 ngày bây giờ còn không cho chuyển. Làm ăn kiểu gì vậy??",negative,1,2026-03-25 21:46:23
bỏ cái tính năng trộn bài thông minh đi Spotify ơi💔💔💔,negative,1,2025-11-12 14:54:27
quản cáo nhiều vl,negative,1,2025-10-28 11:17:44
muốn tự đổi nhạc mà cx phải dùng premium,negative,1,2025-11-19 22:48:07
nghe bài mà đề suất toàn nhạc shiloh dynasty ko nghe nhìu chán mà vẫn phát quài ko đề xuất nhạc khác đc ak,negative,1,2026-02-27 17:36:30
vidieuthat,positive,5,2026-01-18 07:34:15
rất tuyệt vời,positive,5,2026-03-05 09:24:45
app này nghe nhạc xiu đỉnh,positive,5,2026-04-09 20:40:26
đề xuất nhạc như cl,negative,1,2026-04-06 23:32:40
chịu app lun đấy bth ko qc nhiều tới mức phát bực v đâu mà ko bt s chc nhận tiền của tân binh toàn năg hay j mà qc nhìu vaiz ấy nói chg là app khá hút máu ng dùng,negative,1,2025-12-22 21:27:41
ok,positive,5,2025-10-25 16:21:41
hay,positive,5,2026-04-11 21:29:13
Phương thức thanh toán bị lỗi nhưng không có gì quá quan trọng.,positive,5,2025-11-10 23:08:12
quảng cáo nhiều vailon còn lâu nữa,negative,2,2026-04-15 21:21:16
Tuyệt vời,positive,5,2025-12-22 14:11:49
ổn,positive,5,2026-03-01 12:08:50
Ngon hơn yt music,positive,5,2026-03-10 21:52:29
ok chất lượng,positive,5,2025-12-16 10:52:26
hay nhưng phải tốn tiền,positive,5,2025-11-26 07:50:20
tuyệt,positive,5,2026-02-16 19:17:50
lỗi ứng dụng à sao vào k dc hoài vậy ta,negative,1,2025-11-21 10:42:18
mất phí để dùng dịch vụ,negative,1,2026-02-12 18:28:32
tốt,positive,5,2025-12-06 20:53:54
hãy dùng spotify ❤️,positive,5,2026-02-03 19:02:11
ok,positive,5,2025-11-22 21:26:37
quảng cáo sau này quá nhiều.,negative,2,2025-12-21 22:31:41
QC vừa thôi,negative,1,2025-12-30 01:49:39
tf 4 cái quảng cáo 😭?,negative,1,2025-12-19 20:18:33
quảng cáo thì thôi rồi,negative,1,2026-04-15 10:45:35
tuyệt,positive,5,2025-10-10 22:02:06
Giao hưởng địa cầu Love Love speca spotify,positive,5,2025-12-08 20:00:31
"Spotify bây giờ thực sự rất khó chịu!, cứ nghe nhạc tầm 1-3 bài thôi là nó đã cho nghe quảng cáo KHÔNG THỂ SKIP, thời lượng của quảng cáo thì dài có khi còn dài hơn nhạc tôi nghe, ít nhất là cái quảng cáo dài tầm 15 giây trở lên,có lúc nó cho xem quảng cáo mất 1 phút 30 giây đến 2 phút,vậy có nghĩa là trong 1 giờ nghe nhạc thì có gần 1 nửa thời lượng chỉ để nghe quảng cáo, lạy luôn đấy!, còn cái chức năng chuyển bài thông minh gì đấy thì như rác!, thà nghe nhạc trên Youtube còn hơn, rất tệ!",negative,1,2026-03-07 23:20:13
10₫ h nghe nhạc tren spotify thuii,positive,5,2025-12-31 09:27:58
app nl quảng cáo miết,negative,1,2026-01-14 19:34:40
quảng cáo,positive,4,2025-12-22 22:36:22
"lúc trước thì Spotify là chân ái. còn bây giờ thì mắc chửi🙏🏻 mở nhạc len nghe cũng phải quảng cáo rồi mới cho nghe. TBTN thì không sao, mấy quảng cáo khác bị phiền vcl ý. bộ nhà mình thiếu quảng cáo mắc premium lắm hả?? nghe nhạc đổi nhạc một hồi là bắt mua pro mới cho chọn bài !! nghe nhạc mà tưởng đâu đang trải qua cái gì đó gian nan lắm. hài thật🥱🥱 dẹp mấy cái quảng cáo bớt dùm.",negative,1,2026-02-07 22:37:23
"các bạn không nên chèn nhiều quảng cáo đến thế , cứ một lúc lại 1 lần quảng cáo mà 1 lần đó bên trong lại có tới 3 quảng cáo lận , tôi thấy khá tệ và thất vọng mong các bạn xem xét để điều chỉnh cho phù hợp . Cảm ơn",negative,3,2025-12-13 16:00:17
"nhạc hay nhưg mà nghe đc có 30p, sau 30p có quảg cáo mất mấy giây😔, buồn lắm, muốn nghe nhạc free mà cx k đc s",positive,4,2026-01-12 11:29:50
Quảng cáo nhiều vl còn dài nữa,negative,1,2025-12-11 00:37:25
quảng cáo làm ảnh hưởng,positive,5,2025-11-24 00:58:36
"Thêm cái chế độ giới hạn số lần tự đổi bài rồi thêm đống quảng cáo cứ cách một bài là có chi vậy?nó có ý nghĩa gì trừ việc lấy t.i.ề.n người khác vậy, premium thì cũng không có gói ngày nốt,riết chịu app luôn",negative,1,2025-12-14 13:23:20
đợi đánh giá xg r quảng cáo quá trình nghe đc 1 2 bài là quảng cáo,negative,3,2026-04-06 23:25:49
mẹ bắt mua prenium ms dc chọn bài mà giới hạn bài chọn là 15???,negative,1,2026-03-28 07:47:28
"quảng cáo nhiều ,phiền phức",negative,1,2026-02-23 15:52:01
mắc gì 4 cái quảng cáo lận má?? nghe đc có 2-3 bài cái phải nghe 4 cái quảng cáo,negative,1,2025-12-31 13:38:35
ok,positive,4,2026-02-19 09:58:15
60 Seconds unskipable ads,negative,1,2025-12-31 13:36:50
qc giờ nhiều vkl,negative,1,2025-12-22 08:02:51
sao tôi không thể phát nhạc trên tivi LG được vậy? Tôi thấy hiện tượng này xảy ra mấy tháng nay rồi mà các ông vẫn chưa sửa nữa,negative,2,2026-03-20 19:12:05
hay nhưng ko phát nhạc ngoại tuyến nếu ko có pre nên hơi ko hài lòng,positive,5,2026-01-11 19:43:46
có những bài nhạc rất hay tôi rất thích nó,positive,5,2025-12-03 11:47:57
verry good 👍,positive,5,2025-12-01 06:41:57
ứng dụng nghe nhạc miễn phí =)),negative,1,2025-11-26 16:48:15
hay,positive,5,2026-04-19 16:55:22
quản cáo nhiều vãi đùa hết 1 video thì quẩn cáo đùa à mọi ng ko nên tải,negative,1,2026-02-11 23:30:31
hơi rác xí,negative,1,2026-02-09 16:11:05
nhiều QC. Nghe một bài có 3 phút thôi mà 4 cáo QC. còn ko tua nhạc đc tính năng trộn bài thì lặp đi lặp lại mấy bài hát t nghe nhiều,negative,1,2026-02-17 19:12:44
tốt,positive,5,2026-01-08 20:17:20
tốt,positive,5,2026-02-02 22:05:42
nhiều bài hát hay,positive,4,2026-03-30 01:35:05
quảng cáo nhiều vcl,negative,1,2025-12-21 11:49:01
"t phát danh sách yêu thích nhưng mà phát được 1 - 2 bài thì app tự phát những bài lạ hoắc hoặc thậm chí phát những bài đã loại bỏ khỏi danh sách từ rất lâu,k hiểu sao luôn á",negative,3,2026-04-08 21:35:04
Rất tuyệt vời!!😁😁😁😁,positive,5,2026-02-16 15:29:31
dự lọ nhiều vcl,positive,5,2025-11-02 13:49:20
tốt,positive,5,2026-01-29 17:32:43
"quá nhiều quảng cáo, ép người dùng mua gói",negative,1,2026-01-08 21:20:09
👍,positive,5,2026-01-30 19:07:14
Nghe khá ổn có thể thì mn nên tải,positive,5,2026-03-04 20:18:29
rất tuyệt vời,positive,5,2026-04-04 12:24:03
good(when u have premium:>),positive,5,2025-11-27 21:16:13
Tuyet voi,positive,5,2025-11-21 21:29:38
Định cho 5 sau nhưng nhiều quảng cáo quá,negative,3,2026-01-06 10:50:46
thề luôn! Spotify giờ muốn hút máu quá >:(,negative,1,2025-12-16 20:19:01
phát nhạc hay,positive,5,2026-03-07 05:55:51
Ý là ko mượn đề xuất nhạc đang nghe nhạc buồn mà nó đề xuất nhạc ( toàn nhạc vui ) cái tụt mood ln( có thể bật nhạc khác mà đko nhma t hay bật nhạc để rửa chén nên bận tay ko có bật bài khác đc ),negative,1,2025-11-01 19:29:12
má hồi đó sài rất êm bây giờ cái gì cũng tiền,negative,1,2026-03-22 13:26:16
ok,positive,4,2026-02-09 22:26:29
"dạo này tôi nghe mà cứ hay bị đứt quãng âm nhạc, khi dùng laptop hoặc điện thoại, điều này khiến tôi khá khó chịu",positive,4,2026-01-28 19:13:54
"10 điểm nhưng mà phải mua gói mới tải nhạc về được ấy,mà tôi lại không có tiền😞💔",negative,3,2025-11-22 18:13:01
ok phết 😡😆,positive,5,2026-04-26 17:14:24
hay luôn,positive,5,2026-04-04 16:14:24
nhậc hay nhưng cần thêm nhiều nhạc,positive,5,2026-03-29 15:12:07
good,positive,5,2025-10-19 12:47:20
quá netttttt,positive,5,2026-03-14 12:07:02
"Muốn cạnh tranh, phải ra nhạc để các nhà sáng tạo nội dung các kênh mạng xã hội , làm nhạc sáng tạo video được hổ trợ bản quyền giá ưu đãi , thì mới phát huy được thời công nghệ nhé",positive,5,2025-12-15 17:10:39
xem 1 đến 2 bài=1 quảng cáo mà còn tự mở nghe lon j đâu á,negative,1,2026-04-09 20:24:54
ý là nút lặp lại bài hát nhiều lần của mình đâu rồi ấy nhể?,negative,1,2026-01-11 11:13:11
"Quảng cáo nhiều v, nghe nhạc chứ ai nghe quảng cáo",negative,1,2026-03-28 07:19:37
em ghệ💖,positive,5,2026-04-09 11:51:46
được mà hơi quảng cáo,positive,5,2026-04-20 10:49:01
Quảng cáo ngắt quãng gây khó chịu rất nhiều. Cái app hãm nhất từng sử dụng,negative,1,2026-04-02 17:15:41
kh cho ghim danh sách phát hơn 4 cái thì 1 sao khỏi giải thích,negative,1,2025-11-25 12:25:59
bây giờ tôi nghe 1 đến 2 bài hát lại xuất hiện quảng cáo dài 3 phút trải nghiệm quá tệ,negative,1,2025-12-14 02:30:01
nghe mới có 1 bài mà tập 2-3 quảng cáo liên tiếp..khó chịu quá,negative,2,2026-03-06 20:21:13
"chuyển mỗi bài là 1 cái qc, thà nghe trên yt",negative,1,2026-01-26 00:19:56
như cak,negative,1,2026-03-09 18:52:09
hẳn 3 ad 1 bài thì chịu òi,negative,1,2026-01-13 21:47:23
Cũm đc,positive,4,2025-12-15 09:25:57
son 💀,positive,5,2026-03-22 20:26:50
lag bỏ con,negative,1,2026-03-29 11:08:54
good,positive,5,2026-04-12 12:23:38
hay,positive,5,2026-04-06 00:21:56
"bỏ tính năng trộn bài thông minh đi, là ok r, thêm cái đó vô còn ko tua bài đc nữa, khó chịu vcl :))",negative,3,2025-11-21 14:08:04
quảng cáo cứ lên khó chịu,negative,3,2026-02-19 13:29:27
I Love Spotify❤️❤️❤️,positive,5,2025-12-06 16:20:08
tải về nghe 2 bài quảng cáo 2 lần cay vch lắm qc ko nên tải,negative,1,2026-03-07 17:33:59
đang nghe đến cuối xong nó phát thẳng sang bài khác ko thể setting đc trải nghiệm tệ dã man dĩ nhiên là premium chứ ko phải bản free haiza,negative,1,2026-01-30 08:00:25
dùng thấy oke hơn zingmp3 á:3333,positive,5,2025-10-21 19:21:33
nghe nhạc ok đó mà quảng cáo lắm vcl,positive,4,2026-03-12 09:52:40
tốt,positive,5,2026-02-26 05:28:13
nhiều quảng cáo,negative,1,2026-02-28 21:28:55
tốt,positive,4,2025-10-13 20:03:58
mong đừng áp dụng với điện thoại..,positive,5,2025-11-13 13:40:10
kh bằng các app khác,negative,1,2026-04-05 16:16:32
quảng cáo,negative,1,2025-10-25 11:49:10
chịu muon nghe bài hát mình muốn mà bắt phải mua gói premium 🙏,negative,1,2026-03-29 20:55:10
Good.,positive,4,2025-11-09 08:51:08
"lag điên, vô nghe nhạc cũng k được treo logo mãi. nhạc thì nhiều hay đó nhưng nghe được hai bài lại quảng cáo quần què thiệt chứ.",negative,2,2025-10-26 13:40:53
hay nhueng hơi nhiều quản cáo,positive,5,2026-03-07 07:33:49
quá nhiều quảng cáo,negative,1,2026-02-12 21:55:47
k vip thì bot -(,positive,4,2026-02-03 12:31:55
"không phát những bài tôi thích, toàn những bài nhứt đầu, nghe xong tập hết nổi, đang vừa nghe vừa tập xong bị quảng cáo làm phiền, không nên tải👍💪",negative,1,2026-03-20 20:51:16
mất tính năng tự chọn bài ở bản free,negative,1,2026-03-28 14:09:19
"Ko cho replay, tua lại, nghe lại bài trước lại còn quảng cáo, chê",negative,1,2026-01-18 20:52:24
chọn nhạc phát mà cũng k cho:)???,negative,1,2026-01-22 07:52:42
"nhạc hay và đa dạng nhaa,nên thử các bạn nhé👍🏻",positive,5,2026-04-10 08:24:54
"Xin chào khán giả của Spotif. Mình là Phúc Nguyên đến từ đội hình tân binh toàn năng. Các ca khúc tân binh toàn năng đã có mặt trên Spotify rồi, đây là những bài hát mà mình rất trân trọng vì là kỉ niệm đẹp và hành trình trưởng thành mà mình được đồng hành cùng các anh em tại tân binh toàn năng. Với mình, mỗi sân khấu là một kỉ niệm khó quên, là những giây phút áp lực lẫn hạnh phúc mà mình tin bạn sẽ cảm nhận qua âm nhạc. Bạn thích ca khúc nào trong tân bình toàn năng? Hãy stream nóthật nhiềunhé",negative,1,2026-02-18 22:47:29
hay,positive,5,2026-03-13 21:19:00
"Nghe danh sách này thì phát ra bài khác rõ chưa nghe nghệ sĩ đó bao h , ai mượn? Quảng cáo không nói cái này thì xứng đáng âm sao",negative,1,2026-01-11 10:12:02
tuyệt,positive,5,2026-02-06 19:23:53
Lyrics are updated too late; this issue needs improvement.,positive,4,2026-03-21 11:09:27
quảng cáo quá nhiều,negative,1,2025-11-16 21:12:40
app tot nghe nhac it quang Cao muot,positive,5,2026-01-18 09:38:28
mở ra 1 bài cái tìm hiểu renium ko cho nghe nhạc,negative,1,2026-02-14 18:49:50
trải nghiệm hay ! có thể vừa lọ vừa nghe,positive,5,2026-03-18 20:40:54
Dùng một thời gian thì phải nâng vip ko thì khóa bài đó. bảo nghe nhạc miễn phí 30p mà được 2 bài đã quảng cáo.,negative,1,2026-01-10 16:43:47
nice,positive,5,2026-04-20 13:19:51
tui nghèo nên qc cũng ok nhưng mà cứ 2-3bài lại qc một lần thật sự khó chịu ý😭😭😭,negative,3,2025-12-10 18:13:33
lắm qc,negative,1,2026-02-01 21:43:43
đỉnh quá mà không có tiền mua premium huhu 😭,positive,5,2026-03-17 13:27:17
"Trải nghiệm tốt, mà phải nạp nói cho nghe ko wifi:(",positive,5,2025-12-29 20:56:00
ok,positive,5,2025-12-13 21:29:00
My Best,positive,5,2026-03-29 19:57:25
thật sự càng ngày càng nhiều quảng cáo tôi là người dùng từ những ngày đầu có app và càng ngày thấy app càng chèn ép người dùng mua premium. Mong nhà phát hành xem xét lại vấn đề này có thể giảm thời gian quảng cáo lại hoặc giảm số lần phát quảng cáo khi nghe nhạc.,negative,2,2025-12-19 21:45:52
Thật sự đấy đến cái tính năng cơ bản như chọn bài mình muốn nghe mà cx bắt p mua premium ms dùng dc. Qc thì liên tục mà 1 lần tận 3-4 cái☠️☠️ Tư bản cx vừa vừa thoi chứ >:/ dùng app này từ cấp 2 đến h chx gặp quả này bao h ☠️ chán ...,negative,2,2025-12-16 21:22:05
ngon,positive,5,2025-12-08 18:19:43
nghe nhạc mọi lúc!,positive,5,2025-10-20 23:47:55
quảng cáo rất nhiều,negative,1,2025-10-15 22:06:34
Quảng cáo gì mà tới 3 đến 4 cái vậy hả khó chịu lắm đó còn ko bỏ qua đc cái j mà quảng cáo hoài mắt quảng cáo lắm hả còn quảng cáo kiểu đó nữa thì loại bỏ ứng dụng này luôn đi 😡😡😡😡,negative,1,2025-12-11 12:20:21
đang nghe tự nhiên dừng,negative,1,2026-04-18 17:22:16
"app rất hay,tất cả bài đều có thể nghe,ko nạp premium thì hơi nhiều quảng cáo với ko tải nhạc đc thôi,rất hài lòng về chất lượng",positive,5,2025-12-06 21:52:43
khá tệ,negative,1,2026-01-24 21:24:41
tốt mỗi tội tải offline cần nạp tièn,positive,5,2026-03-22 07:58:27
🤓👍ok,positive,4,2025-12-21 23:31:15
tuyệt vời,positive,5,2025-11-28 08:24:11
"nghe mọi lúc mọi nơi, free thì nó hay quảng cáo nhiều chứ nó ok lắm :)))",positive,5,2025-12-10 22:11:36
cũng đc,positive,4,2025-12-01 20:45:25
"hay đó nhưng ai mượn trộn bài vậy? thêm nữa là cái nút lặp lại bài hát của tôi đâu hả 🤨? thêm nữa, rõ ràng tôi đã đưa số điện thoại với email rồi nhưng vẫn không chính xác??",negative,3,2025-10-11 11:12:48
lần trước còn ngắn xíu giờ quảng cáo khiếp dài thì thui nhé,negative,1,2026-01-15 07:21:39
quảng cáo bắt đóng tiền miết người sử dụng là học sinh thì khó mà nghe được rồi muốn nghe được phải đóng tiền,negative,3,2026-03-19 17:01:29
tốt,positive,5,2026-03-07 21:42:31
"Cứ nghe được 1 hoặc 2 bài là lại quảng cáo , thậm chí vừa mở lên đã phải nghe 2- 3 cái quảng cáo rồi mới phát nhạc , chán thật sự . Không lẽ muốn nghe nhạc thì phải mua premium à?",negative,1,2026-01-18 20:24:32
premium mới tải dc nhạc😡,negative,1,2025-11-15 00:40:57
"thề là quảng cáo lắm vl,cần cho t cái nút tua",positive,4,2026-03-28 16:33:30
good!,positive,4,2026-04-10 21:37:38
tuyệt vời,positive,5,2026-03-16 10:28:29
nghe 1 bài quảng cáo 4 lần tốn thời gian nói chung như c ai ngu mà nạp tiền vô đó chứ🤣,negative,1,2025-12-24 10:54:54
tốt lắm,positive,5,2026-03-19 20:25:56
nhạc ở bản free có 160kbps thôi mà ổn định âm tốt. Quảng cáo ít khó chịu.,positive,5,2025-10-26 18:21:13
thật sự mà nói thì đây có lẽ là app tệ nhất tôi từng biết. lúc trước quảng cáo 1-2 còn chịu được chứ bây giờ tận 3-4 quảng cáo một lần với tần xuất liên tục ☠️ quảng cáo nói tôi được nghe 30p sau quảng cáo nhưng thật sự thì tôi chỉ nghe được 2 bài và mỗi bài 3 phút👿,negative,1,2025-12-13 19:38:42
"dùng free nhưng mà đâu đến mức là đang nghe album này, mới nghe đc 3/16 bài và sau đó tự động đề xuất 1 loạt các bài của các nghệ sĩ khác không liên quan thế 😀 skip 20 lần cx ko thấy quay trở lại album đang nghe gu nhạc cũng chả liên quan luôn",negative,1,2025-11-21 19:19:37
không có thứ gì là miễn phí đâu tạo ra giá trị sẽ nhận lại giá trị,positive,5,2025-11-17 22:28:27
quá nhiều quảng cáo!,negative,1,2026-04-24 11:18:30
5 ok và 5 tốt,positive,5,2025-11-27 12:37:48
thật sự là tận 4 cái quảng cáo cùng 1 lúc?,negative,3,2026-01-02 07:57:28
ok,positive,5,2025-11-06 18:40:41
tụi m thiếu tiền lắm hay sao mà 4 quảng cáo 1 lần?,negative,1,2025-12-11 19:47:06
my God bro Spotify premium,negative,1,2026-04-11 11:56:50
"để chế độ lặp lại còn phải đăng kí premium, bố chịu.",negative,1,2026-01-16 13:49:30
qc quá nhiều,positive,4,2026-03-22 06:18:34
"qc j mà tận 1-2 phút và ko có nút skip ,cứ 5p qc 1 lần, hút máu cứ bắt nạp premium, chỉ ở lại nghe vì có thể lưu album",negative,1,2026-04-07 14:20:10
quá tr phê r,positive,5,2026-02-25 21:13:24
hay lắm lun á❤️❤️❤️,positive,5,2025-11-25 05:09:48
mẹ quang cáo quài nghe nhứt cả đầu 🤬🤬🤬,negative,1,2026-01-04 16:05:26
nhạc hay mà tiếc là nghèo ko có tiền sài premium,positive,5,2025-11-24 20:37:46
"tự hỏi là app thiếu tiền lắm hay gì vậy?? nghe 1 bài hát mà tận 3 cái quảng cáo???? trước thì thấy quảng cáo ít ít giờ càng lúc càng nhiều lên, app khắc phục được thì tốt không thì mình sẽ không thay đổi đánh giá đâu:)))",negative,1,2026-01-20 09:25:18
ok,positive,5,2025-10-21 18:25:37
quảng cáo quá nhiều tôi không biết tải về xem quảng cáo hay nghe nhạc nữa,negative,1,2026-02-06 12:46:50
rất hay mà hơi nhiều quản cáo,positive,5,2026-04-14 22:27:57
"quảng cáo mua 2 tháng 32k, đến khi mua thì bị trừ 72k chưa biết là mua cho 1 tháng hay 2 tháng. yêu cầu hoàn tiền + hủy dịch vụ thì không được, lạy các bố",negative,1,2026-04-02 12:36:22
tại sao gần đây spotify lại spam quảng cáo (2-3 bài là ăn 1 cái quảng cáo 1 phút) như thể đang ép tôi mua premium chứ không còn quảng cáo lành mạnh. You sucks,negative,1,2025-12-11 23:24:14
nếu ko có premium thì sẽ bị giới hạn chọn bài chịu luôn bây giờ muốn chọn bài thoải mái cũng không được,negative,1,2026-01-13 22:38:12
"giờ thấy app vô dụng vl , cái lặp lại nhạc để như ko ấy, và điều đó đel khác gì một tội ác của mấy đứa thích nghe lại nhiều lần về bài nhạc của nó🗿",negative,1,2026-04-18 07:29:37
ê sao mà lướt nghe mấy bài đầu kh được vậy nó cứ bị cái bài đang phát che 😭,positive,4,2026-01-03 17:47:32
good,positive,5,2026-01-03 00:25:57
cái j cx premium,negative,1,2026-02-21 19:25:00
Tuyệt vời,positive,5,2025-12-04 21:55:24
rất chill mỗi tội hơi tư bản,positive,4,2025-12-10 21:19:39
đg nghe nhạc mà cứ quảng cáo 🦊,negative,3,2026-04-14 18:53:46
vắt kiệt tiền đến cùng,negative,1,2026-04-07 21:05:54
bắt nạp tiền để tải nhạc😤😤😤,negative,1,2025-11-24 18:44:14
quá hay,positive,5,2026-04-09 20:46:42
xài OK kkk,positive,5,2026-04-28 10:15:37
khá thích,positive,5,2026-04-06 20:31:15
"uh thì nhiều nhạc hay đấy nhưng nó quá ""premium"".Kiểu việc tối thiểu là nghe nhạc lúc mất mạng cũng phải ""premium"" ??",negative,3,2025-10-09 17:59:35
"Bào tiền như quỷ, giờ t bấm vô bài t muốn nghe mà cũng không cho, bắt đóng tiền mới cho, quá đáng lắm rồi nha",negative,1,2026-03-25 19:23:52
app càng ngày càng nhiều quảng cáo ko cho chuyển tiếp nhạc với chọn nhạc,negative,1,2026-01-02 14:31:24
☹️ bực,positive,5,2025-11-02 20:11:55
nhiều loại nhạc hay,positive,5,2025-10-13 08:00:45
sao giờ mình mới biết có cái app nghe nhạc xịn thế này tròi,positive,5,2025-11-13 01:19:23
nhạc nghe ok mà đang nghe thì cứ qc nên cho 4 thôi,positive,4,2026-02-06 18:35:34
qc ồn thì thôi xác minh tài khoản sv cũng khó khăn bực thật sự,negative,1,2026-01-25 03:30:50
tôi rất hài lòng🐧✨,positive,5,2025-11-30 11:25:37
khá thú vị để thử,positive,5,2025-12-11 20:29:26
như gì vậy bắt đóng tiền mới cho nghe,negative,1,2026-03-10 19:38:17
hay,positive,5,2026-04-08 22:19:04
"Quá nhiều quảng cáo trong một lần, chạy KPI cuối năm à?????",negative,1,2025-12-27 22:48:53
"đang dùng bình thường thì bỗng nhiên lỗi, playlist cũng mất luôn???",negative,2,2025-12-11 08:59:59
nhạc đg hay cái quảng cáo à,negative,2,2025-10-09 17:40:51
xịn xò con mèo,positive,5,2025-12-25 13:48:41
rất hay rất nên tải về,positive,5,2025-10-26 13:57:57
sao máy bạn tui có mấy bài có lời nhưng qua máy tui mấy bài đó lại ko có lời 😠😠😠,negative,1,2025-11-20 17:55:20
trước nghe thấy Spotify hay lắm giới thiệu với mọi người về Spotify giờ Spotify toàn bắt đóng tiền để nghe theo ý mình chán chả muốn nói,negative,1,2025-10-25 20:55:45
Đẳng cấp,positive,5,2026-03-12 15:08:01
trải nghiệm chill,positive,5,2026-03-21 21:20:44
qc tan binh toan nang nhieu qua,positive,5,2026-02-02 22:10:53
quá hay,positive,5,2026-01-01 23:07:52
app đối à bây giờ tìm bài hát nghe cũng bắt mở premium,negative,1,2025-11-18 15:54:02
good app,positive,5,2026-03-13 19:29:24
đang nghe khóa acc??,negative,3,2025-12-15 21:49:41
cơ bản là chọn nhạc nghe cũng không cho vậy dùng để làm gì,negative,1,2026-03-29 12:24:11
nhạc hay ứng dụng tiện nữa,positive,5,2026-01-24 13:26:50
"nhiều nhạc , miễn phí , tiện lợi ,... nhưng mà tại sao khi tôi vừa nghe nhạc vừa chơi game thì nhạc lại tự động bị tắt ? thực sự là ức chế lắm luôn ý . Tôi tắt cả âm thanh của game rồi vậy mà khi vào lại thì vẫn bị mất nhạc.",negative,3,2026-04-02 21:00:21
hơi nhiều quảng cáo,positive,4,2026-02-03 08:50:18
nên chuyển qua yt music,negative,1,2026-04-05 00:25:40
nó rất tốt,positive,5,2025-12-07 16:23:22
quảng cáo hơi nhiều,positive,5,2026-03-17 23:32:09
quá tuyệt vời,positive,5,2026-02-05 17:54:41
TÂN BINH TOÀN NĂNG HÁT DỞ VÃI BỚT QUẢNG CÁO GIÙM,negative,1,2025-12-13 16:27:05
quá nhiều wuảng cáo và nó ko bỏ qua đc trải nghiệm quá tệ,negative,1,2026-02-25 19:08:45
rất bổ ích,positive,5,2025-12-02 21:59:27
tốt,positive,5,2025-10-15 20:14:32
"càng ngày càng bắt phải mua perium,chọn nhạc cx deck dc",negative,3,2025-11-19 23:38:20
ok,positive,5,2026-04-06 13:41:21
rất đầy đủ nhạc và tiện cảm ơn vì đã tạo ra cái app tuyệt vời này🥰🥰,positive,5,2026-04-17 20:57:07
quảng cáo không có nút skip,positive,4,2025-12-02 12:46:39
8 cái quảng cáo đùa t à?,negative,2,2026-01-26 11:45:52
tôi rất thích,positive,5,2025-11-15 23:35:29
tuyệt,positive,5,2025-10-12 21:06:41
trừ 1 sao vì lắm QC và cũng ko sắp xếp được playlist theo ý muốn. ko tua được nhạc nữa=)),positive,4,2026-02-04 17:59:17
tốt,positive,5,2026-01-19 14:21:08
hay quá,positive,5,2025-10-23 18:58:16
quảng cáo quá nhiều,negative,1,2026-02-08 22:48:24
rất tốt,negative,3,2026-04-24 21:18:17
quảng cáo lắm,negative,1,2025-10-26 15:01:49
rất hay,positive,5,2026-01-26 23:25:41
khá tệ,negative,2,2025-11-23 13:54:55
Không có nút lặp lại,negative,1,2026-02-17 15:51:10
nghe nhạc cũng phải trả phí,negative,2,2026-03-11 14:01:13
hay,positive,5,2026-03-21 06:34:05
Vì 1 đám tân binh toàn năng nên tao đã xoá app 😔,negative,1,2026-02-05 18:34:45
nghe đc nhiều nhạc cx đc,positive,5,2025-10-20 01:59:11
"ép người dùng phải mua gói, không cho chuyển bài quá 6 lần 1 ngày, không cho tự chọn bài, quá tệ🤮🤮",negative,1,2025-12-30 20:24:10
tệ,negative,1,2025-11-29 22:39:02
nghe hai bài ba quảng cáo hết 2p,negative,1,2025-12-29 20:15:02
quảng cáo thì rõ lắm chuyển nhạc thì giới hạn,negative,1,2026-02-07 12:05:55
đã hủy gói pre nhưng vẫn tự gia hạn gói ???,negative,1,2026-04-18 10:41:02
oi toi yeu Spotify,positive,5,2026-02-10 02:34:13
"chỉ tối đa 6 lần bấm, quảng cáo nhiều, bỏ đi phần tính năng trộn bài đi là ok rồi",negative,2,2025-11-16 20:25:30
100 điểm ko có nhưng,positive,5,2025-11-01 19:04:10
đang nghe thì có quảng cáo nhiều lắm,negative,3,2026-04-12 16:33:52
Nếu không có quảng cáo càng tốt,positive,4,2026-02-11 23:03:43
Rất tốt!!,positive,5,2026-04-04 22:05:00
bắt mua ko nên,negative,1,2026-04-01 19:48:27
"vô app khác thì mất nhạc, còn mất luôn cái nút lặp lại bài hát nữa mới chịu",negative,1,2025-12-14 07:29:49
"dẹp cái tân binh dùm t cái 😌, trả lại qc spt premium NGAY!",negative,1,2026-01-15 22:11:37
"không tua lại được, với nhiều quảng cáo",negative,3,2026-04-25 20:31:19
Quảng cáo lắm v... mới nghe đc 1 bài thì xem hết 3 quảng cáo r... càng ngày càng rác,negative,1,2025-12-19 22:23:57
"xứng đáng 1 sao,đang yên đang lành nghe nhạc k cho chuyển bài bắt nghe 1 bài cố định update r vẫn v,ý là mình k có thiếu tiền ấy Spotify ơi bắt nghe premium miết vậy?",negative,1,2026-03-08 20:52:11
"quảng cáo gây khó chịu, bực mình",negative,1,2026-03-12 14:29:10
t yêu cầu spotify có thể tua nhạc hoặc video,positive,4,2025-10-31 17:59:03
đói kém đến nỗi nào mới phải dùng mọi thủ đoạn để bắt mua gói pr vậy,negative,1,2025-11-29 15:57:06
app như c vậy muốn nghe nhạc tự chọn phải đăng kí premium còn không đăng kí thì khi ấn vô nhạc mình muốn nghe nó cho bài khác giống vậy hoặc bắt đăng kí,negative,1,2026-04-05 20:51:37
app xịn vcđ mấy con vợ kh có tiền nạp thì trách ai mà đánh giá 1 sao🙂,positive,5,2026-04-28 11:50:40
"Lạy. Đã tạo list riêng để nghe rồi mà cứ trộn bài, ai mượn đề xuất. Đã thế bây giờ muốn chọn nhạc cũng phải đăng ký Premium. Ham tiền thì ham vừa thôi",negative,1,2025-11-05 13:57:44
"nói chung thì cx ok, có cái Phối Mix j đó thì nghe cx ok, có cái thì mình vẫn phải tự chỉnh nhưng thôi như v cx ổn r, cho 4s nhé (bớt qc cho free lại)",positive,4,2026-03-23 17:33:00
"Dịch vụ tệ nhưng âm thanh lại quá đỗi tuyệt vời, cơ bản ai không có tiền thì nên dùng app khác còn có thì nên dùng app này",negative,3,2026-02-05 19:05:46
Nhạc rất mượt ko bị lag nghe rất thư giãn👅👅👅,positive,5,2025-12-10 12:48:26
lôic không dùng được,positive,5,2026-03-25 17:13:50
quá tuyệt,positive,5,2026-04-02 12:37:22
chỉ xài vì nó có liên kết với profile discord,negative,2,2026-04-24 23:59:19
nghe nhạc tính phí ? bắt chờ nữa kiểu dell j v hút máu nó vừa thôi,negative,1,2025-12-27 16:59:11
Ngày 1/11/2025 - bắt đầu tải để nghe Poscar - bắt đầu già đi 💪🏻 - Cố ngắng ngày nghe 1 chương trình nhỏ để cải thiện mãi yêu. 🫶,positive,5,2025-11-02 13:27:29
Tốt!,positive,5,2025-10-22 23:20:40
vào playlist của mình mà cứ phát nhạc gợi ý?,negative,1,2025-12-04 12:25:01
5 sao ko cs như spotify còn tốt hơn mấy cái tui dung còn tải dc nhạc xuống dc nx 100/10 😆😎,positive,5,2025-10-22 19:12:28
"lắm quảng cáo,anti luôn tân binh toàn năng",negative,1,2025-12-17 21:53:58
nhiều tính năng hay nhưng lại quá phụ thuộc vào premium(ăn tiền),positive,4,2025-10-18 20:40:14
ngày càng tư bản!!,negative,1,2025-12-06 17:38:17
1 bài ra phát 4-5qc đùa nhau à còn lại thì đều tốt còn có thể tải nhạc từ máy lên siêu ok nha trời tui tải bản cover của martin nghe cả ngày luôn í 🥺,positive,5,2025-12-17 12:51:26
liên tục có quảng cáo ko phát heo danh sách,positive,4,2026-03-14 19:16:54
tuy hay quảng cáo nhưng dùng vẫn ok nha,positive,5,2026-02-25 09:10:20
ok,positive,5,2025-11-01 18:02:53
hay,positive,5,2026-04-07 00:11:16
good,positive,5,2026-02-28 11:03:09
"đợt này nghe đc 1 bài thì lại cứ qc tân cứ tân bình toàn năng ,thăng cấp này kia khó chịu vô cùng nghe 1 bài 3ph thì lại 4 cái qc luôn rồi . Đang bực mình khó chịu mà nghe qc phát điên lên ,xóa app",negative,1,2025-12-12 12:51:00
ok,positive,5,2025-10-23 06:38:42
"mấy bà mua gói pre đi xịn vc, còn k mua gói có quảng cáo thêm cái này cái kia thì chịu thôi, làm vậy ngta mới có tiền chứ, đừng có k mua r chửi app như mình đúng ấy, app quốc tế thì đành v thôi",positive,5,2026-04-26 11:38:25
ko có ktl instrumental🥲,positive,4,2025-12-08 18:21:52
từ khi có vip nghe nhạc chán VC,negative,1,2026-02-03 22:03:03
hay nhưng có thể nào cho thêm tính năng xác minh 2 bước để bảo mật acc tôi được ko,positive,5,2025-12-20 08:08:37
quá đỉnh k bt có chế độ lặp lại không,positive,5,2026-01-26 20:31:17
ứng dụng nghe nhạc tốt,positive,5,2026-01-20 14:22:33
Cho 5 sao nha vì có thể nghe nhiều nhạc nh hơi nhiều quảng cáo á,positive,5,2026-04-21 20:20:20
ok,positive,5,2026-02-17 11:03:08
quảng cáo quá lâu và quá nhìu,negative,1,2026-03-21 21:21:46
vì em xứng đáng😎,positive,5,2025-12-04 20:53:37
"Hay và nhiều bài hát, đáng dùng",positive,5,2025-11-19 06:48:21
rất tuyệt,positive,5,2026-01-17 22:12:38
tôi mua premium vì không thể chịu nổi combo quảng cáo bdsm tân binh toàn năng của spotify. các anh thành công rồi đấy.,negative,1,2026-02-27 10:56:47
tốt hơi nhiều quảng cáo và ko bỏ qua đc,positive,4,2026-02-03 22:23:32
nên tải 10 đ 🥰🥰🥰,positive,5,2025-11-25 21:30:10
tự động gia hạn??đã mất tiền oan lúc hủy tự liên kết tự động gia hạn thì k dùng được premium hết tháng đó????hay đấy,negative,1,2025-10-24 14:22:04
Hay quá,positive,5,2026-02-23 19:14:05
nhạc hay không bị ngắt quãng,positive,5,2026-02-23 13:22:27
đang xem quảng cáo play tại mày mà tao bị thoát,negative,1,2025-12-26 20:12:01
app hay mà là hay nhấn vào banner để tìm hiểu thêm🥰,positive,5,2026-04-13 18:56:34
good,positive,5,2025-11-10 00:55:45
cung đươc nhu vân có quảng cáo chán,positive,4,2025-11-10 08:52:52
chuyển dữ liệu sang sd thẻ lưu trữ thì k vào được app ( samsung m22 ),negative,3,2026-01-12 06:36:38
rất tốt,positive,5,2026-01-16 22:57:15
nghe đc nhiều nhạc mà mình thik,positive,5,2026-03-29 10:47:32
"bt là cũng muốn kiếm tiền nhưng mà qc quá là nhiều, bớt bớt dùm",negative,1,2026-01-02 13:08:56
"ban đầu xem thì khsao, nhma đc 1 thgian thì app kh cho mình bật nhạc của mình nx. tự chọn bài và bắt mình phải đóng tiền ms đc chọn bài!!",negative,2,2026-02-15 19:21:57
Ok rất tuyệt,positive,5,2026-02-17 22:33:52
đây đủ các nhạc lúc đầu cứ tưởng là app chỉ có vài cái nhạc thôi ai dè cs hết đặt nhạc chuông cấc bài hát yêu thích dậy đã thấy vui rrr,positive,4,2025-11-21 12:57:02
nghe nhạc hay,positive,5,2026-02-21 17:59:12
"lm tròn trách nhiệm của 1 app nghe nhạc như nhiều quảng cáo ( th1 nghe xong 1 bài là 1 qc ; nghe đc vài giây xong chuyển bài lại + 1 qc ""muốn nghe nhạc để chill, tập trung mà app lm ăn v mất cmn hứng ) , ép người tiêu dùng . Mong app khắc phục !",negative,2,2026-01-04 10:57:54
nghe nhạc đa dạng có dịch ngôn ngữ rất ok luôn. Cho nghe miễn phí nhiều loại nhạc là quá tốt lun nữa,positive,5,2025-12-09 19:47:51
ai music ?,negative,1,2026-02-25 22:11:59
tuyệt vời,positive,5,2026-01-29 20:00:42
quảng cáo ngày càng nhiều,negative,1,2026-01-18 17:06:20
mới nghe hai bài nhạc mà quảng cáo tận 3 cái tân bình toàn năng.nói chung càng ngày càng thụt lùi so với những ứng dụng nghe nhạc khác,negative,1,2026-02-02 20:37:23
ko thể đăng nhập đc????,negative,1,2025-10-16 14:30:46
app đói tiền lắm rồi,negative,1,2026-03-22 21:12:48
no more,positive,5,2026-03-02 00:03:43
"cập nhật xong thì dở tệ luôn, đang nghe ngon mà vào app khác là nó cứ bị văng k hiểu s, lúc trc thì ngon còn h thì tệ del thể diễn tả nổi=)",negative,1,2026-04-08 05:15:31
rất tốt,positive,5,2026-04-11 10:49:02
"kiểu t thấy spoti nó đang ép người dùng phải mua pre ấy lúc trc có vài ba cái ads thì bth h nghe được 2-3 bài là chèn ads vào.Ads thì toàn tbtn gì gì đó,lãi nhãi nghe cringe khủng",negative,1,2026-01-08 01:24:10
Dù j Spotify cũng cố gắng và tôi cũng tìm được nhạc mik thik,positive,5,2026-02-06 16:37:10
tốt,positive,5,2026-03-04 17:21:29
"nghe dc 1-3 bài lá đã qc, qc quá nhiều luôn",negative,3,2026-03-12 14:06:48
quãng cáo hơi nhiều,positive,4,2025-10-13 18:40:37
Rất ổn dù có quảng cáo (mua để hết quảng cáo) nhưng rất ok,positive,5,2026-03-13 18:59:57
"lai mat album nhac , ko hieu sao cu mat tai lai met qua met",negative,3,2026-02-25 08:46:45
muốn tìm nhạc cũng premium tua nhạc cũng premium tính ra là tua bài với lùi bài là cái cơ bản của mọi thể loại cơ bản của một ứng dụng nghe nhạc cũng đưa vào premium được,negative,1,2026-01-09 17:33:47
thích nghe nhạc mà nghe bằng này ổn nhma quảng cáo nhiều quá😭,positive,4,2025-12-20 16:20:14
nhưng thoát úng ụng để tự phát nhạc mà đc có 1 lúc à nhưng dùng ok nha,positive,5,2026-03-28 18:41:48
"nhiều nhạc ,rất ok nha ae :)",positive,5,2026-04-04 13:43:46
quá nhiều quảng cáo rất phiền,negative,3,2026-03-09 23:34:57
Không thích,negative,1,2026-03-14 20:46:23
quảng cáo quá nhiều chưa đc 10p là có 3 cái,negative,1,2025-12-10 13:14:01
chơi game bật nhạc mà nó cứ bị tắt,negative,1,2026-01-10 12:57:52
hay,positive,5,2026-04-17 18:05:22
tốt nha,positive,5,2025-10-11 21:39:59
sử dụng tài khoản premium đã lâu nhưng tại sao account của tôi lại không được nâng cấp lên định dạng lossless?,negative,1,2025-11-14 02:44:09
"nhạcc đỉnh lắm, nghe rõ lại còn có cả lyric ><",positive,5,2026-02-12 16:45:42
quá đỉnh,positive,5,2025-12-15 11:48:15
vuýp,positive,5,2026-02-24 19:22:31
nồn tiền ra ko nhét chục quảng cáo vào mồn,negative,1,2026-04-23 12:49:36
"""PHÙ HOA 1 KIẾP Bạn có muốn nghe gói premium?"" ôi má cha cay đãi vái",negative,1,2025-11-12 00:53:21
"playlist nhạc của tôi trên điện thoại và bản web thì đồng bộ với nhau (đầy đủ bài), riêng trên bản PC thì lại bị thiếu những bài hát tôi vừa thêm trên điện thoại.",negative,3,2026-01-06 19:08:10
ko thấy gì quá đặc sắc nhưng lại tăng giá,negative,3,2025-10-09 17:43:54
có full nhạc luôn,positive,5,2025-10-11 11:18:15
"Trước thì quảng cáo cùng lắm chỉ có 2 cái quảng cáo thôi, giờ thì tận 4 cái, bộ đói lắm à",negative,1,2025-12-08 22:16:12
oke phết ít qc,positive,5,2025-11-15 12:48:35
nghe nhạc hay,positive,4,2025-10-30 12:11:05
siêu sao toàn năng,negative,1,2026-02-03 19:59:45
t muốn phác mấy cái nhạc thích mà tụi bây cứ chọn nhạc gì cho t nghe thế,negative,1,2026-02-08 00:14:43
tệ,negative,1,2025-11-06 16:59:18
nghe đc tí là tắt:)???,negative,2,2025-10-09 20:19:43
tiện,positive,5,2026-01-22 21:11:02
Hay vãi cả l,positive,5,2026-02-04 17:07:39
giao diện trên máy tính bảng đang bị gì lỗi gì thế?,negative,1,2025-11-08 07:59:26
Quản cáo lắm như dog gì mà mới vào ứng dụng vừa mở bài đầu tiên bắt coi quản cáo ko cho bỏ qua Vừa qua bài vài lần thì ko cho qua bài nữa gì mà qua bài quá 5 lần 1 ngày còn ko cho coi lại bài trước đó Tất cả bài hát đều ok nhưng tại mấy cái trên tôi chấp nhận xóa Bớt tham tiền quản cáo lại đi Tôi cần nghe nhạc ko phải nghe quản cáo tụi bây,negative,1,2026-01-18 18:46:50
đỉnh,positive,5,2025-11-20 21:53:00
"không có gì để chê , siu tuyệtt 💯💯",positive,5,2025-12-07 12:06:39
tuyệt vời,positive,5,2025-11-18 10:39:47
chán,negative,1,2026-02-21 20:20:05
Nghe ngạc không quảng cáo và không cần trả phí,positive,5,2026-01-17 22:54:39
nhạc ko phát đúng bài,negative,1,2026-03-15 23:05:37
good,positive,5,2026-03-16 10:13:25
má nghe được 1-2 bài hát mà quảng cáo tới 3-4 cái này thì trải nghiệm nghe ra ccj nữa đói tiền à,negative,2,2026-02-10 15:44:17
âm thanh rất tốt!,positive,4,2026-01-09 05:25:18
tuyệt,positive,5,2025-12-21 20:33:01
nhất định phải bòn rút tiền túi như mp3 à????,negative,1,2026-03-15 12:13:24
nghe nhạc tuyệt vời,positive,5,2026-01-06 20:13:16
quảng cáo quá nhiều,negative,1,2026-01-14 16:56:29
ứng dụng khá là ok,positive,5,2025-12-26 11:48:49
hay,positive,5,2025-11-21 21:45:50
hay 🤩,positive,5,2025-11-16 14:05:12
too much ad. they're ruining the mood of the user!!!,negative,1,2026-01-09 01:40:29
hay,positive,5,2025-11-05 21:44:06
rất tốt nhưng ko miển phí,positive,4,2025-11-12 18:57:59
rất tuyệt vời,positive,5,2026-01-11 16:36:52
Nghe nhạc lúc mà mình rảnh rỗi nè 🫶🏻 Nhạc hay vcl 🥹🤞🏻,positive,5,2025-12-23 22:05:11
hay vl... nghe đc nhiều nhạc tui thích :))) 😭🥰,positive,5,2025-12-23 21:22:33
lúc mới tải về thì phát nhạc từ trên xuống theo thứ tự giờ phát ngẫu nhiên muốn chỉnh lại phải mua gói premium,negative,1,2026-02-21 23:05:06
hayy,positive,5,2026-03-01 22:27:22
quá đã😣,positive,5,2025-11-16 09:37:39
"siêu hay, lâu lâu có qc nhưng ko sao👍❤️",positive,5,2026-03-09 13:09:37
nghe xong 1 bài nhạc nghe 3 qc càng ngày càng nhiều qc bào nhìu quá,negative,1,2026-03-25 23:30:27
ổn,positive,5,2026-04-01 21:22:30
good,positive,5,2026-03-08 18:15:52
nghe ổn báo thức dc,positive,5,2026-03-13 19:45:29
hơi quản cáo!!,positive,4,2026-01-17 14:50:53
nghe nhac hay va chất lượng,positive,5,2026-03-25 14:42:19
quảng cáo nhìu phiền v,negative,1,2026-03-22 22:13:35
quảng cáo quá nhiều và quá dài,negative,1,2026-03-21 08:21:55
nghe nhạc hay nhưng mong nhà phát hành cho Danh sách phát có thể phát từ DSP này sang cái DSP khác,positive,4,2025-11-21 07:15:11
"tính năng trộn bài rất tệ, nghe khoảng 3 bài thì tận 5 quảng cáo nối tiếp, cân nhắc kỹ trước khi sử dụng.",negative,1,2025-10-08 22:31:58
cho quảng cáo ít thôi nghe nhạc để dễ chịu cái đầu mà quảng cáo muốn nhức óc,negative,1,2026-04-28 18:12:52
nhạc hay,positive,5,2025-12-04 07:28:23
"quảng cáo nhiều thì k nói, lúc trước còn tự chọn bài để nghe được, nay không tự chọn nghe được bài gì luôn????",negative,1,2026-03-14 04:49:41
"Quảng cáo nhiều vãi,nghe một bài nhảy ra cho 2,3 cái liên tục",negative,1,2025-12-25 22:24:54
lụm😍😍😍🤩🤩🤩,positive,5,2025-10-23 21:09:18
"spotify bị sập hay sao zậy, ko load dc cái gì hết",negative,1,2025-12-15 21:34:49
mắt gì quản cáo hoài v ngt đã ko có tiền mà cứ kêu đăng kí hoài giờ ngt ko có tiền để ăn cứ quản cáo một đồng còn ko có đây yêu cầu ra nói chuyện còn ko thì bớt quản cáo lại,negative,1,2025-12-14 00:06:51
quảng cáo nhiều vãi,negative,2,2026-03-03 23:40:10
Quảng cáo quá nhiều,negative,1,2025-12-16 14:10:20
rất tiện lợi,positive,5,2026-01-14 20:36:48
tôi thấy trải nghiệm rất tốt nhưng có 1 vài người nào đó đánh giá 1 sao rồi cứ đổ lỗi cho ứng dụng trong khi máy của họ rất lag,positive,5,2025-10-27 20:47:45
khá ok,positive,4,2026-04-05 20:06:51
quá vuyt,positive,5,2026-01-04 00:31:13
"qc ngày càng nhiều, nghe xong đc 1 bày thì 3 cái qc",negative,1,2025-12-24 21:50:21
nhiều bài hay và hay qc,positive,4,2025-12-08 18:47:05
hơi q.cáo xíu nhg mà vẫn yêuuu,positive,5,2026-03-30 20:36:00
ok,positive,5,2026-01-22 21:00:37
cưỡng ép nạp😞. Đến tự chọn một bài để nghe còn không được phải nạp 33k mới cho.,negative,1,2026-03-29 02:32:34
"ép đóng tiền,qc liên tục",negative,1,2026-03-12 19:27:18
Không phù hợp,negative,1,2025-12-16 06:19:17
quảng cáo quá nhiều,positive,4,2025-12-20 14:22:42
nghe đc tí là lại tự tắt cho nghe liên tục thì ok hơn,negative,3,2026-03-30 21:22:59
tải về làm gì cũng tiện hết á,positive,5,2025-12-21 20:18:11
cx đc,positive,4,2026-01-25 19:13:36
"rất là nhiều tân binh toàn năng, rất là gen z nha",negative,1,2025-12-10 21:42:19
rác,negative,1,2025-11-09 11:15:52
ok,positive,5,2026-02-12 09:42:34
"hay quảng cáo, hay lag, nhiều cái bấm k đc , bực tức, quảng cáo lắm, suốt ngày bắt mua gói premium",negative,1,2025-10-17 11:38:52
sao cái đăng nhập bằng số điện thoại thì không gửi mã OTP mà cứ đơ như vậy hoài. đã bị lỗi mà còn không cho người ta đăng nhập. khổ,negative,1,2025-11-03 12:49:18
"Bấm vào đăng ký Premium thì báo lỗi liên tục, app không muốn kiếm tiền à?",negative,2,2026-04-15 09:05:22
"khám phá cá nhân tôi thấy mới lạ,đây là lần đầu tôi dùng Spotify rất hay",positive,5,2025-11-23 09:22:00
ok,positive,5,2025-10-09 21:20:10
tôi ko thể nghe nhạc lập đi lập lại update như cak,negative,1,2025-10-15 12:23:14
cũng đc,positive,5,2026-03-11 21:09:21
ngon luôn,positive,4,2026-02-04 18:00:12
không phải nói 🙂,positive,5,2026-04-17 12:34:56
quá tệ hại quảng cáo quá nhiều quá lâu shuffle music quá ngu xuẩn,negative,1,2026-02-10 22:33:20
đã tạo riêng cho mik 1 những bài nhạc mik thích nhưng mà nghe đc hai ba vó khi mới nghe đc một bài mà cứ chuyển sang bài khác còn gợi ý lưu trong khi đã chọn bài nhạc CHỈ CẦN PHÁT mà mới chưa đc hết các bài đã lưu là đã chuyển đang nghe đúng bài thích tự nhiên lòi bài CHẲNG LƯU mất cả hứng :((,negative,2,2025-10-18 22:27:46
"hay với tốt nha , hơi quảng cáo nhưng được , hình đẹp 🌷",positive,5,2026-03-25 13:49:44
👍,positive,5,2026-03-25 11:52:42
nghe nhạc ❌ nghe quảng cáo ✅ buồn của thế hệ sống cần âm nhạc 😞,negative,2,2026-04-12 13:54:16
hay,positive,5,2026-04-19 17:37:35
"Apps hoạt động ổn định, kho nhạc khổng lồ.",positive,5,2026-02-13 17:29:11
quảng cáo giày quá,negative,1,2026-02-04 22:47:24
hay,positive,4,2025-11-11 17:06:47
ok lắm luôn,positive,5,2026-02-01 12:17:04
"Nghe nhạc rất hay, nhưng sao gần đây app tự tải lại nhạc liên tục?",positive,5,2026-02-23 11:26:53
cute,positive,5,2025-12-06 17:18:16
hay,positive,5,2025-11-16 22:17:48
"rất nhiều quảng cáo, khong cho người dùng chọn bài trong thư viện, mong cải thiện",negative,1,2026-01-03 15:00:48
không có mạng cũng không nghe đc,positive,5,2026-03-15 12:00:18
nhạc tìm không được luôn mất công lưu cả đống bài bây giờ nhấn vào nhạc nào để nghe nó kêu bạn đã phát hiện ra tính năng prenium. mà k cho nghe luôn á app có tâm xíu đi đừng suốt ngày prenium nữa,negative,3,2026-04-15 11:47:21
Bình thg,negative,3,2026-04-18 17:00:30
đến lượt chọn bài còn bị giới hạn phải mua pre thì chịu rồi,negative,1,2026-01-05 23:13:47
"để cho cái lyrics với, cứ thỉnh thoảng lại mất lyrics. quảng cáo thì lắm mà premium thì cao:)))",negative,3,2026-02-10 08:31:15
"Quảng cáo nhiều đến khó chịu, chất lượng nhạc thì thua xa apple Music, Thư viện thì không bằng của Youtube Music, biết là công ty cần tiền để duy trì nhưng vừa quảng cáo lắm vừa hạn chế khả năng nghe nhạc thì đúng là quá mức. App rác chả tả nổi ( tôi đã dùng premium 1 năm và chợt nhận ra bản thân thật phí tiền) :v",negative,1,2026-01-31 12:07:26
perfect,positive,5,2026-03-17 15:21:00
"đc cái nhiều nhạc hơn mp3 😡🤙💖 Xin chào khán giả của Spotify😍🤗 Mình là Phúc Nguyên đến từ đội hình tân binh toàn năng😎✌️Các ca khúc tân binh toàn năng đã có mặt trên Spotify rồi, đây là những bài hát mà mình rất trân trọng vì là kỉ niệm đẹp và hành trình trưởng thành mà mình được đồng hành cùng các anh em tại tân binh toàn năng🥺 Với mình, mỗi sân khấu là một kỉ niệm khó quên, là những giây phút áp lực lẫn hạnh phúc mà mình tin bạn sẽ cảm nhận qua âm nhạc😚 Bạn thích ca khúc nào trong tân",positive,4,2026-02-07 19:09:07
bắt mua gói để nghe nhạc theo ý thích?? ko dc lựa chọn bài hát mình thích bắt phải nghe theo hệ thống đề xuất?? ý là mình đang nghe bình thường á. app tệ nha,negative,1,2026-03-01 13:59:56
rất tuyệt vời,positive,5,2026-03-25 14:37:35
có thể là cuộc sống tôi trở nên tươi hơn nhờ có spotify,positive,5,2026-02-15 17:37:05
mong app giảm Quảng cáo,negative,3,2026-01-02 10:31:47
Chừng nào có gói lossless cho thị trường Việt Nam vậy?,positive,4,2026-03-17 07:07:00
quảng cáo thì nhìu toàn quảng cáo xàm j mà tân binh toàn năng nhảm quá tr r chưa kể nghe nhạc mà mở ứng viên khác là tự động mất ko dấu tích riết r nó làm sao á tính là ko đánh giá r mà app này nó khiến t phải làm z,negative,1,2026-02-07 20:56:38
Khi nghe nhạc không còn là nghe nhạc,negative,1,2026-01-23 10:27:13
Very good,positive,5,2026-04-03 22:23:01
ok 2 bài 4 qc,negative,1,2025-12-22 04:20:25
"app loz rõ là tự tin xưng danh có mặt trên khắp toàn cầu mà đói tới mức nghe được 1 bài qc tận 4 lần, sợ người ta k biết cm có gói premium hay gì:))",negative,1,2026-02-08 10:47:43
🤩,positive,5,2025-10-09 09:10:13
ko nạp premium thì quảng cáo hiện liên tục. cứ khoảng 4-5 bài thì hiện quảng cáo 1 lần. Hình như muốn mình nạp hay gì á,negative,1,2026-01-14 21:04:48
quảng cáo quá nhiều,negative,1,2026-02-05 18:58:11
mới nghe đc bài xg tận 3-4 quảng cáo. Nghe xg quảng cáo xg á là nghe đc 2-3 bài. Xg quảng cáo tiếp.,negative,1,2025-12-09 20:23:43
hay,positive,5,2025-11-06 05:56:59
"ý là h nó giới hạn cho mk ấn chọn bài nào để nghe luôn ấy🙂 h t vào ấn bài khác nó ko cho bắt nạp hoặc chờ ngày mai mới đc, rồi đến ấn tìm kiếm nó cx ko cho bật cái bài tìm ấy lên app tư bản có khác",negative,1,2026-03-09 09:39:53
hơi nhiều quảng cáo,positive,5,2026-02-21 20:38:34
app hay nhạc cũng hay,positive,5,2025-11-04 16:33:59
"Lag quá tr, có mấy bài lúc hiện lúc ẩn, mong app xem xét lại.",negative,1,2025-12-13 14:35:33
tốt,positive,5,2025-10-15 00:59:46
"chấp nhận là free thì phải có qc,nhma 1 lượt tận 5 cái qc thì có hơi nhiều ko ạ",negative,1,2025-12-11 19:58:44
nghe đc tí bị logout là sao????,negative,1,2026-03-03 08:10:30
Tăng phí quá nhiều,negative,2,2025-10-27 06:26:20
"QC nhiều, k phát đúng nhg gì t đã chọn trong playlist của t, đang nghe thì tự nhiên mất trong khi trả lm gì",negative,1,2026-03-09 23:13:35
nghe một bài năm cái qc 😔😔,negative,1,2025-12-24 07:00:18
cái này dành cho mom t nè chứ t ko nghe😇,positive,5,2026-04-01 19:50:02
Toàn mấy thằng nam không ra nam nữ không ra nữ quảng cáo,negative,1,2025-12-25 17:04:44
tệ,negative,1,2025-12-07 01:22:09
oh nice,positive,5,2025-12-16 20:24:30
"rất hay, tôi khuyên mn nên thử",positive,5,2026-04-20 20:11:20
okkk,positive,5,2026-04-17 18:27:34
hay,positive,5,2026-03-18 08:04:49
quá nhiều qc rác vl,negative,1,2026-03-10 10:35:05
10đ,positive,5,2025-12-27 12:09:11
"App nghe nhạc hay, nhiều nhạc, nhưng đừng có kiểu mà ép khách hàng mua gói premium mà bắt nghe quảng cáo quá mức. Đợt thường 30p thì 1 qc là oke vì chùa vì free. Nhưng đợt cuối năm, tết tới tần suất nghe nhiều thì cứ nghe được 2 bài là nghe 3 bài qc. Nghe qc thì tần suất cũng vừa phải thôi chứ.",negative,2,2026-01-14 09:45:42
quảng cáo quá nhiều thì ko nói mà cái này còn xáo trộn nhạc mà ko theo thứ tự gì hết,negative,3,2025-10-21 22:55:23
"sau khi cập nhật thì nhiều quảng cáo hơn , cứ nghe hết 1 hoặc 2 bài hát là lại có 1 đến 2 quảng cáo 30s",negative,2,2025-12-09 20:59:50
tốt,positive,5,2026-04-27 08:46:33
có nhạc là ngon luôn=B,positive,5,2026-04-19 18:16:03
quảng cáo nhiều,negative,1,2026-02-13 19:05:45
"tệ quá . qc thì nhiều , nghe có tí xíu thì lại qc , cái shuffle thì lặp đi lặp lại bài hát mặc dù cái playlist còn dài hơn 15h . Nghe mà thuộc với chán luôn á , khắc phục đi ạ .",negative,1,2026-02-08 16:36:00
cứ bắt phải mua gói premium mới cho nghe theo ý thích ??,negative,1,2026-01-08 21:22:13
free nên đành chịu quảng cáo:)))),positive,5,2026-04-02 19:13:24
rất tốt nhưng quảng cáo nhiều vl 💔,positive,5,2025-12-20 13:02:33
nghe nhạc cũng ổn,positive,5,2025-12-02 07:20:06
app nghe nhạc nhưng bắt phải trả tiền để được chọn nhạc muốn nghe,negative,1,2026-03-29 21:59:12
"bài hát thêm vào bài hát yêu thích thì không bấm vào nghe dc,phải bấm nút play mới dc,nếu tôi muốn nghe bài đó đầu tiên thì sao?",negative,3,2026-01-23 00:31:24
trải nghiệm sẽ biết càng tệ đi qc liên tục nay nghe theo ý muốn còn giới hạn!?,negative,1,2025-12-12 03:14:05
good,positive,5,2025-11-16 17:10:18
tiệt với,positive,5,2026-01-18 18:50:23
như l nghe dc 1 bài xog 4 cái quảng cáo???,negative,1,2025-12-18 21:34:56
"nhạc đa dạng , hay nhưng hơi nhiều quảng cáo",negative,3,2025-12-30 19:43:48
đc,positive,5,2026-03-17 21:18:44
không vô được app,negative,1,2025-11-23 20:19:44
hay,positive,5,2026-03-24 18:34:39
":))) update mới thật kì lạ, không những tăng thêm quảng cáo mà còn hạn chế thêm cả tính năng chọn nhạc của người dùng Free",negative,3,2026-01-07 20:14:30
"K phát theo danh sách mình muốn, đã quảng cáo rùi thì làm ơn đừng mở mấy bài k theo ý thích nữa",negative,1,2026-04-20 23:06:28
nghe 2 bài qc 6 cái,negative,1,2026-03-25 19:40:24
quảng cáo lập lại 1 đống cứ bắt nạp🌹🙄💔😅🙄😰🙄😰😂😅😗😱😂😉🕸️🐧,negative,1,2026-01-17 21:36:16
rất tuyệt,positive,5,2026-02-09 09:29:43
rất oke,positive,5,2025-10-09 19:54:11
như cut,negative,1,2026-03-01 11:57:47
"đăng ký dùng thử 3 tháng 33k, xong bị trừ tiền 65k và chỉ cho dùng 1 tháng :))) đúng là cái bọn lưu manh mà",negative,1,2025-12-24 07:42:51
i wish i have perm premium spotify <3,positive,5,2025-11-17 16:42:02
dần nối gót mp3 nên rất tệ,negative,1,2026-01-10 03:03:04
ít quản cáo lại 👍,positive,5,2026-04-16 02:05:40
chuyển nhạc cũng phải cần tiền😓,negative,1,2026-02-12 23:25:25
Thanks to Spotify for having so many great features like background listening and song filtering.,positive,5,2026-02-17 21:06:56
"quãng cáo quá nhiều, phát được 1-2 bài thì lại quãng cáo tận 3-4 lần.",negative,2,2026-03-19 15:48:02
nghe nhạc hay,positive,5,2025-12-20 20:46:08
ok,positive,5,2025-10-12 20:46:39
quảng cáo quá nhiều,negative,1,2025-12-29 21:31:08
trải nghiệm quá tệ,negative,1,2026-02-24 06:46:04
"rất nhiều quảng cáo nghe được 1,2 là gặp 3 cái quảng cáo, rồi trộn bài thông minh là gì nữa. Ai cần mấy cái đó đâu trời",negative,1,2026-03-09 18:52:36
quảng cáo khá nhiều và bây giờ bắt phải dùng premium mới cho đổi bài,negative,3,2025-11-25 10:55:22
nay quảng cáo nhiều quá 2 bài là 3 quảng cáo rồi,negative,3,2025-12-23 02:35:00
"hôm nay spotify lại yêu cầu mua premium mới được chuyển bài và tận 4 quảng cáo, trong khi mình đang trong playlist của mình 🙂, mong spotify xem xét lại",negative,2,2025-12-08 22:07:38
"app đói nghèo đến mức chèn 1 đống qc hơn 1p vào luôn, chịu",negative,1,2025-12-13 11:14:48
"Very good, with millions number of songs. It's safe to say this is the number one music platform.",positive,5,2026-01-12 09:55:25
"? thoát đăng nhập không vào được nói lỗi, thoát cả 2 máy còn bắt nhập vị trí trong khi không cho vào để nhập, có vấn đề à lỗi xuất ngày",negative,1,2025-12-15 21:47:35
app sài khá tốt nhưng nghe hồi cái tự nhiên tắt rất khó chịu với muốn nghe lại nhạc lại cần mua premium mới được rất khó chịu,negative,3,2026-03-03 10:04:18
bớt bào lại nha,positive,4,2026-04-13 01:36:03
"quảng cáo dài ớn luôn má , khó chịu kinh khủng",negative,1,2026-01-18 22:24:00
"như l, chọn nhạc cũng bắt nạp tiền?",negative,1,2026-03-24 16:50:29
"dùng được ngonnn, nhma ngày xưa nghe không mạng đã mà giờ Spotify đói tiền nên ph đăng ký thành viên khó chịu vô cùng. giờ quảng cáo quá nhiều...",positive,4,2026-01-25 14:53:45
ổn,positive,5,2026-01-06 22:03:28
tuyet voi,positive,5,2026-04-20 06:33:17
Nói tht thì app qc qw nhiều đã thế còn lặp đi lặp lại một cách nhàm chán đang thư giãn cũng không yên nữa.,positive,4,2026-04-04 23:42:04
quảng cáo 1 lần 3 cái mà tần số nhiều trong cuối năm,negative,2,2025-12-30 18:10:51
quá tuyệt vời,positive,5,2025-11-17 22:12:39
Nhạc hay!👍👍👍👍,positive,5,2025-12-26 21:24:57
hài lòng,positive,5,2025-12-28 23:10:59
nghe rất hay và chill nói chung 10đ,positive,5,2025-12-24 21:45:37
nghe nhạc thì ok nhx mà qc nhìu và ko tắt tính năng shuffle đc,negative,2,2026-02-24 18:31:05
Bớt quảng cáo tí i,positive,4,2026-02-22 11:03:42
quảng cáo quá nhiều 🤬🤬🤬,negative,1,2026-03-11 17:12:27
quá nhiều quảng cáo . Nghe được 3 bài thì xuất hiện 3 quảng cáo,negative,3,2025-12-13 20:09:08
"quá nhiều quảng cáo, nghe nhạc 4p thì 2p qc tân binh toàn năng, từ khi có cái qc này đ muốn động vào app, cx đ baoh xem cái chương trình này luôn",negative,1,2026-02-01 18:50:22
sự thay đổi mới khiến tôi không thể nghe đựơc bài hát tôi thích ấn dụng đã thay đổi và nó không nên thay đổi như này cảm giác dùng trở nên tệ hơn các bài hát không ấn vào đựơc nó cứ bị xáo trộn hết lên,negative,1,2025-11-10 21:11:44
2 bài 4 quảng cáo?,negative,1,2026-02-18 13:11:14
ok,positive,5,2025-10-20 21:43:53
tốt,positive,5,2026-01-02 18:45:56
tự nhiên thêm giới hạn lượt nghe nhạc bực vãi,negative,1,2025-11-18 22:49:41
không tệ với người dùng không mua premium,positive,5,2026-01-03 19:31:18
rất tốt,positive,5,2026-01-14 17:02:20
"Riết rồi cái j cũng premium, tới cái chọn bài để nghe còn phải premium. Rồi tiếp theo là cái gì? Nghe nhạc cũng cần à? edit: mỗi lần chuyển bài là 4 cái quảng cáo 😭😭💔",negative,1,2025-12-28 08:59:38
qc nhiều,negative,1,2026-01-21 23:38:01
"app kinh phí hoá quá nhiêu tự chọn bài hát trg playlist cx bắt mua gói, phiền vler",negative,1,2026-03-24 20:52:36
nghe nhạc thì 9/10 là cái quảng cáo Premium mở app quảng cáo chọn nhạc nghe quảng cáo chuyển nhạc khác cũng quảng cáo đánh giá Spotify năm 2023 tuyệt hơn năm nay,negative,1,2026-02-15 16:37:23
"cứ nghe 2-3 bài là 1 qc, trước qc chỉ có 1 cái còn chấp nhận giờ 3 cái liên tục rất khó chịu",negative,2,2025-12-24 01:53:10
"Khá hay, khá nhiều tính năng, nhưng lý do cho 1 sao là vì quản cáo quá nhiều, các bạn làm ứng dụng này để giúp người nghe, nhờ giúp mọi người nghe được âm nhạc thì bạn mới có lời, mà bạn toàn châm chú vô cái lợi nhuận mà các bạn cứ làm ảnh hưởng đến quá trình nghe nhạc của người nghe thì chẳng khác nào là các bạn đang tự hại chính mình cả, nên nhớ các bạn khai thác lợi nhuận nhờ người nghe, và sự tin tưởng, cảm giác, trải nghiệm của người nghe, nên ghi nhớ điều đó.",negative,1,2026-03-30 21:35:33
càng gần Tết càng đói. tui chia tay Spotify sang SoundCloud đây ạ,negative,1,2026-02-08 17:45:32
app hỗ trợ cho sinh viên giá quá hấp dẫn lun còn ko thì 65k cũg là chấp nhận được ai thấy ko phù hợp thì sang nền tảng khác cũng được có nhiều lựa chọn mà chớ app cũg có kề dao dô cổ bắt mua đâu nghe free còn nói giọng bà nội. Mình kiếm tiền thì được chớ ng khác kiếm tiền thì ko được??,positive,5,2025-11-23 01:16:34
"nhiều quảng cáo quá, nghe dc 2,3 bài là quảng cáo 1 lần 😔",positive,5,2025-11-03 20:21:51
app rất hay yeah,positive,5,2025-11-16 14:59:39
rất hợp gu tôi,positive,5,2025-11-01 16:28:57
i love it,positive,5,2026-03-09 22:07:10
ok,positive,5,2025-12-19 12:05:28
hơi nhiều quảng cáo,positive,5,2025-11-13 22:11:50
tuyệt,positive,5,2025-11-01 10:12:42
"nghe ok, nhưng mà đang sài tự nhiên bấm vô bài mình muốn nó lại không cho phải mua gói premium mới cho chọn nhạc đồ này kia, chê 😒😡",negative,1,2026-01-13 22:14:41
"tệ vl, vừa mới bấm vào 1 bài hát xong là đã quảng cáo",negative,1,2025-12-14 11:23:50
"Thực rất nhiều quảng cáo mà còn mỗi quảng cáo dài tới 1,2 phút lận mong nhà xuất bản lược bớt dùm",positive,4,2026-01-05 20:16:43
chẳng ra cái ì,negative,1,2025-11-20 20:35:23
quá nhiều quảng cáo,negative,1,2026-01-21 12:48:00
mấy thằng tân binh toàn năng Iồn,negative,1,2025-12-20 01:28:29
tốt,positive,5,2025-10-27 21:16:50
ok,positive,5,2026-02-07 11:56:56
C2.2b,positive,4,2025-10-20 15:00:43
"bt là dùng miễn phí thì qc chút cx ks nhm qc nhiều vãi l nghe đc 1-2 bài là qc ,xg 2 lần qc thì là 3lần qc liên tiếp ,như cái l . app ngày càng nát",negative,1,2026-03-19 00:20:45
tính năng đầy đủ nhạc cũng nhiều đa dạng,positive,5,2026-01-18 15:21:23
Ủa là trời app gì mà vô lý đến mức thiểu độ ? Ngta để acc nguyên vện mà mình thì để acc nguyên bình thường rồi bản thân ko hiểu hoang mang sai gì mà tự hẳn đăng xuất ấy. Mong game sẽ sửa vấn đề nghiêm trọng này để khách hàng có thể yên tâm sức lực tài khoản chống đôi xâm chiếm.,negative,3,2025-11-25 18:50:40
quảng cáo nhiều vcllll đ gì quảng cáo 2 phút trung bình bằng mẹ nó 1 bài của mình rồi 😭😭,positive,4,2025-12-28 20:41:02
"tư bản hóa, cái gi cũng tiền hoặc nạp",negative,1,2025-12-18 18:55:59
ok,positive,5,2025-11-03 17:08:42
1 bài xong là 1 cái quảng cáo:),negative,1,2025-12-23 18:02:20
"Tắt nhạc dừng nghe rồi vặn nhỏ hết mức để đi ngủ, xong sáng mở dậy vẫn thấy phát:))",negative,1,2026-01-19 07:36:28
nói chung là tuyệt,positive,5,2026-02-06 16:58:33
"Thật sự tôi không còn lời nào ngoài từ cảm ơn... app đã đồng hành cùng tôi trong xuyên suốt 2 năm vừa qua. Nó đã cùng tôi vượt qua những nỗi buồn, niềm vui, chán nản và khiến có rất nhiều động lực trong cuộc sống. Mặc dù chỉ là app nghe nhạc nhưng app đã thay đổi và giúp tôi rất nhiều. Xin cảm ơn Spotify đã đồng hành cùng tôi trong 2 năm qua...chúc một năm mới tốt lành nhá",positive,5,2025-12-04 19:29:40
oke,positive,4,2025-10-14 20:45:40
ok,positive,5,2025-10-09 19:34:16
🥰,positive,5,2025-12-24 21:37:28
nghe nhạc chill vãi,positive,5,2025-11-07 11:55:28
rất hay,positive,5,2025-10-15 15:30:27
rất hay khi chơi game mỗi tội là tắt wifi thì ko dùng đc:)),positive,5,2025-10-19 19:07:08
"đủ nhạc hay, tìm nhạc nào là ra đúng mấy nhạc ưng ý luôn😉",positive,5,2025-12-07 19:42:13
Âm thanh nhạc rất tốt,positive,5,2025-12-14 15:20:58
nghe nhạc cũng đ yên🙂,negative,1,2026-03-29 21:47:19
nghe nhạc không bị gián đoạn khi chơi game,positive,5,2025-11-29 20:02:34
qc ngày càng nhiều=)))bà mẹ nghe đc bài nó chơi 3 cái qc=))) dẹp nghỉ sớm,negative,1,2025-12-27 20:54:08
hay,positive,5,2025-10-10 20:57:29
app này đúng 10₫ luôn Á bài j cũng có,positive,5,2025-10-28 21:45:35
gooddddđ,positive,5,2025-11-20 12:07:09
cái j cx premium,negative,1,2025-11-06 21:00:05
Ép phải mua premium nới đc nghe nhạc còn không thì nhạc phát ngẫu nhiên mà không được chọn bài,negative,1,2025-12-10 20:49:04
quản cáo ghê quá biết ko nạp thì phải xem quảng cáo những nghe đc 1 bài thì quảng cáo 2 lần là s v😃,negative,2,2025-12-08 23:09:54
nghe nhạc hay nghe quảng cáo vậy,negative,1,2026-03-08 11:05:03
có lúc quảng cáo nhiều. nghe tạm,positive,4,2026-02-08 12:10:16
hay nha làm chuông báo thức ngon,positive,5,2025-11-29 20:49:44
app Iồn hút máu,negative,1,2026-04-03 19:42:00
quảng cáo thực sự có hơi nhiều như thể ép người mua premium vậy. Còn lại vẫn rất ổn.,positive,5,2025-12-31 13:58:50
như cặc!😡😡😡😡,negative,1,2025-10-16 16:42:20
10 :),positive,5,2025-10-30 16:23:12
"Biết là hàng free rồi nhưng mà nghe 1 bài 4 quảng cáo, vừa xong 4 quảng cáo đổi bài khác lại thêm 2 quảng cáo, đhs",negative,1,2025-12-13 09:05:32
qc nhiều vcl,negative,1,2025-12-29 20:35:47
sợ thật :))cứ nghe 1 bài là 3 qc,negative,1,2026-01-10 18:57:14
Tôi ghét việc phải đợi qua ngày mai để chọn bài hát!,negative,1,2026-01-02 16:52:42
"nhạc thì nhiều, đa dạng khỏi chê nhma app nghe nhạc mà cũng bắt mua nữa💔 biết kiếm tiền rồi nhưng mà tụi tui cũng muốn nghe nhạc ở dạng nền mừ💔 free cái đó thôi được ko💔 chứ muốn tải thì bắt mua gói nựa",negative,3,2025-12-18 22:12:03
I love Ap❤,positive,5,2025-11-19 08:43:36
lắm quảng cáo quá rồi đấy đang nhạc chưa được mấy phút mà đã có 5-6 cái quảng cáo rồi,negative,2,2026-02-28 16:24:18
"nhạc rất là hay và rõ nữa, mình khuyên mn nên đánh giá 5 sao",positive,5,2026-03-01 13:54:13
🤯,positive,5,2025-12-27 17:44:37
"ko phát theo danh sách hay bài mình chọn, làm ơn quảng cáo là đã đủ lắm rồi. khó chịu ghê",negative,1,2026-04-24 22:50:27
hay,positive,5,2025-11-24 19:34:11
xài ngon ơ,positive,5,2026-02-09 06:12:50
"quảng cáo giữa chừng, quảng cáo lâu, dễ tụt mood lắm 😣",negative,3,2026-01-15 22:09:38
quá tuyệt vời,positive,5,2026-04-06 13:42:34
ít quảng cáo và không phải trả tiền nghe nhạc hot,positive,5,2026-02-06 23:10:59
nói chung là ok,positive,5,2025-12-06 18:59:23
nice ♥️,positive,5,2025-10-10 08:55:49
rất tuyệt mang lại cho người dùng cách thoải mái,positive,5,2025-10-17 15:16:23
app cũng đc mà cứ bắt mua premium phiền vãi,negative,1,2025-11-28 19:50:15
APP TOT NHA AE,positive,5,2025-11-09 18:48:34
toàn quảng cáo+bắt trả tiền để chọn nhạc,negative,1,2026-03-23 22:00:44
Dùng ok,positive,5,2025-12-10 18:12:55
hay,positive,5,2025-10-30 18:03:44
quảng cáo nhiều,positive,4,2026-01-24 19:50:34
quảng cáo nhìeeu vaizl,negative,1,2025-12-17 19:10:29
"nghe được 1 bài là qc 1 cái có khi 3 cái,hồi xưa còn được giờ ko còn cái qc nói bn sẽ được nghe nhạc trong 30p tiếp theo nữa là qc kinh khủng nghe qc còn nhiều hơn nghe nhạc,nói chung càng ngày càng tệ",negative,2,2026-03-10 21:55:37
Nghe nhạc chứ có phải coi phim sét đâu mà qc lắm vậy?,negative,1,2025-12-22 17:08:22
đói tới mức không cho chọn nhạc luôn à,negative,2,2025-11-06 14:58:52
giảm quảng cáo đi,positive,4,2026-04-28 08:06:54
Qc nhiều vãi đé,negative,1,2025-11-25 23:12:15
"app nhu cut ko có tiền mà bắt nạp quài, lắm qc nx😡😡😡",negative,1,2026-03-25 20:12:05
rất nhiều nhạc để nghe,positive,5,2026-04-20 11:16:55
very good,positive,5,2025-10-15 19:56:21
mạng mạnh nhưng ứng dụng ko load đc,negative,2,2025-12-27 20:20:46
rất tốt,positive,5,2025-12-15 19:32:18
"đang nghe nhạc cứ dừng, vô thù bắt đăng nhập lại??",negative,1,2026-03-19 03:51:50
